{
	"name": "MultipleParties",
	"title": "Multiple Parties",
	"description": "A module that implements support for multiple parties.",
	"version": "0.0.4",
	"author": "Grant Kluber",
	"esmodules": [
		"MultipleParties.js"
	],
	"styles": ["MultipleParties.css"],
	"minimumCoreVersion": "0.5.0",
	"compatibleCoreVersion": "0.6.5",
	"url": "https://github.com/gkluber/FoundryVTT-Multiple-Parties",
	"manifest": "https://raw.githubusercontent.com/gkluber/FoundryVTT-Multiple-Parties/master/src/module.json",
	"license": "LICENSE",
	"readme": "README.md",
	"bugs": "https://github.com/gkluber/FoundryVTT-Multiple-Parties/issues",
	"download": "https://raw.githubusercontent.com/gkluber/FoundryVTT-Multiple-Parties/v0.0.4/package/MultipleParties-v0.0.4.zip"
}